altitud,dirRachMax,indicativo,indsinop,latitud,maxDiasMesNieve,longitud,maxDiasMesPrec,maxDiasMesTormenta,nombre,precMaxDia,precMaxMen,provincia,rachMax,temMax,temMedAlta,temMedBaja,temMin,TempMed,ubicacion
1,880,9987P,8240,404157N,,004836E,,,SANT JAUME D'ENVEJA,1256,3221,TARRAGONA,139,349,267,83,0,175,TARRAGONA
2,230,5973,8452,362959N,0,061528W,25,6,CÁDIZ,1550,4598,CADIZ,146,430,278,91,-10,184.5,CADIZ
3,280,6205X,8484,364335N,,035726W,,,TORROX,1061,2054,MALAGA,96,370,273,117,17,195,MALAGA
3,300,6293X,8492,364113N,0,024206W,2,2,ROQUETAS DE MAR,722,1486,ALMERIA,125,376,267,96,-8,181.5,ALMERIA
3,320,1208,,433220N,8,053815W,29,9,GIJÓN,1496,3591,ASTURIAS,150,364,209,66,-48,137.5,ASTURIAS
3,320,4549Y,8381,371141N,,072342W,,,AYAMONTE,860,2346,HUELVA,86,417,269,98,-4,183.5,HUELVA
3,340,1109,8021,432526N,9,034932W,28,8,SANTANDER AEROPUERTO,1344,4901,CANTABRIA,167,376,232,40,-54,136,CANTABRIA
3,360,B228,8301,393319N,5,023731E,21,8,"PALMA, PUERTO",1243,2518,ILLES BALEARS,117,380,294,85,-1,189.5,ILLES BALEAR
4,300,1014A,8029,432125N,4,014732W,27,6,SAN SEBASTIÁN AEROPUERTO,1310,5779,GIPUZKOA,104,400,235,43,-63,139,GIPUZKOA
4,320,0076,8181,411734N,2,020412E,20,12,BARCELONA AEROPUERTO,1867,5008,BARCELONA,139,374,278,45,-80,161.5,BARCELONA
4,320,1014,8029,432125N,5,014732W,27,8,"HONDARRIBIA, MALKARROA",2140,5480,GIPUZKOA,154,404,249,6,-130,127.5,GIPUZKOA
4,320,7031X,8433,374642N,1,004821W,20,5,SAN JAVIER AEROPUERTO,2052,2496,MURCIA,104,394,283,92,-13,187.5,MURCIA
4,360,7031,8433,374720N,2,004812W,20,10,SAN JAVIER AEROPUERTO,3300,3362,MURCIA,134,405,275,71,-54,173,MURCIA
5,,1208H,8014,433336N,2,054203W,27,10,"GIJÓN, PUERTO",865,3829,ASTURIAS,,324,220,84,-5,152,ASTURIAS
5,880,8058X,8282,385544N,,000545W,,,OLIVA,1838,3526,VALENCIA,114,410,282,89,-17,185.5,VALENCIA
6,300,C689E,60037,274409N,,153545W,,,MASPALOMAS,672,946,LAS PALMAS,134,426,250,167,107,208.5,LAS PALMAS
6,340,0201D,8180,412326N,,021200E,,,BARCELONA,1126,2064,BARCELONA,116,359,271,86,-13,178.5,BARCELONA
6,340,6155A,8482,363958N,1,042856W,22,7,MÁLAGA AEROPUERTO,3130,4974,MALAGA,130,442,283,89,-38,186,MALAGA
6,360,B954,8373,385235N,2,012304E,22,13,"IBIZA, AEROPUERTO",1565,2448,ILLES BALEARS,130,384,286,74,-30,180,ILLES BALEAR
7,360,6297,,364952N,2,022720W,21,7,ALMERÍA,983,1935,ALMERIA,119,396,270,95,2,182.5,ALMERIA
8,320,6084X,8480,363219N,,043706W,,,FUENGIROLA,1598,3123,MALAGA,106,370,277,128,8,202.5,MALAGA
8,330,B278,8306,393339N,5,024412E,21,9,"PALMA DE MALLORCA, AEROPUERTO",1067,2418,ILLES BALEARS,130,414,277,50,-100,163.5,ILLES BALEAR
8,880,6277B,8486,364450N,,030114W,,,ADRA,898,1910,ALMERIA,115,367,276,123,13,199.5,ALMERIA
10,260,C629X,60036,274859N,,154551W,,,"MOGÁN, PUERTO",462,593,LAS PALMAS,118,403,268,171,100,219.5,LAS PALMAS
10,270,C839I,,291355N,0,133007W,11,0,TEGUISE,586,1286,LAS PALMAS,104,350,251,160,67,205.5,LAS PALMAS
10,320,1183X,8016,432513N,1,044453W,16,3,LLANES,1200,3282,ASTURIAS,120,348,219,78,-5,148.5,ASTURIAS
10,340,C619I,60027,280003N,,154850W,,,LA ALDEA DE SAN NICOLÁS,452,964,LAS PALMAS,152,376,257,152,59,204.5,LAS PALMAS
11,270,8416,8285,392850N,3,002159W,21,10,VALÈNCIA,2626,3656,VALENCIA,117,430,281,62,-72,171.5,VALENCIA
11,360,8416Y,8285,392850N,,002159W,,,"VALÈNCIA, VIVEROS",1650,3082,VALENCIA,88,430,277,98,-6,187.5,VALENCIA
12,310,6268X,8485,364322N,,033149W,,,MOTRIL,523,1306,GRANADA,89,350,255,118,-13,186.5,GRANADA
12,330,1055B,8024,432237N,,023037W,,,LEKEITIO,909,1889,BIZKAIA,153,374,232,62,-42,147,BIZKAIA
12,330,8325X,8287,391105N,,002219W,,,POLINYÀ DE XÚQUER,2246,3307,VALENCIA,109,428,281,64,-35,172.5,VALENCIA
14,360,C029O,60040,285707N,0,133601W,19,3,LANZAROTE AEROPUERTO,715,1273,LAS PALMAS,132,436,270,160,76,215,LAS PALMAS
15,320,6381,8490,355618N,0,030210W,10,3,ALBORÁN,1100,1500,ALMERIA,145,370,264,11,0,137.5,ALMERIA
15,350,8050X,8370,384701N,1,001004E,20,8,JÁVEA/ XÀBIA,2780,3460,ALICANTE,143,396,277,85,-37,181,ALICANTE
15,350,C659M,60032,280647N,,152517W,,,"LAS PALMAS DE GRAN CANARIA, PL",895,1423,LAS PALMAS,89,324,253,173,121,213,LAS PALMAS
15,360,C229J,60034,280257N,0,142129W,5,0,PÁJARA,433,586,LAS PALMAS,131,432,282,166,89,224,LAS PALMAS
15,360,C329Z,60008,280523N,,170641W,,,SAN SEBASTIÁN DE LA GOMERA,841,1514,STA. CRUZ DE TENERIFE,103,396,271,170,112,220.5,STA. CRUZ DE
16,300,6332X,8488,365849N,,015413W,,,CARBONERAS,584,1280,ALMERIA,120,395,280,104,-7,192,ALMERIA
17,280,7012C,8434,373604N,,005916W,,,CARTAGENA,1427,2230,MURCIA,102,383,287,110,13,198.5,MURCIA
17,320,B434X,8309,392452N,0,031618E,15,5,PORTOCOLOM,1778,3174,ILLES BALEARS,121,410,277,87,-5,182,ILLES BALEAR
17,340,4605,,371524N,1,065659W,23,9,HUELVA,920,3360,HUELVA,122,430,284,74,-58,179,HUELVA
18,300,4642E,8383,371642N,0,065442W,26,7,"HUELVA, RONDA ESTE",1600,3862,HUELVA,117,438,281,93,-32,187,HUELVA
19,,1484,,422550N,1,083850W,29,8,"PONTEVEDRA, INSTITUTO",1413,8552,PONTEVEDRA,,400,241,64,-55,152.5,PONTEVEDRA
19,270,6058I,8463,362501N,0,050918W,18,6,ESTEPONA,1712,4584,MALAGA,95,432,273,110,0,191.5,MALAGA
21,270,5910,8449,363820N,2,061957W,26,10,"ROTA, BASE NAVAL",1262,4586,CADIZ,115,422,274,90,-47,182,CADIZ
21,340,6325O,8487,365047N,0,022125W,20,5,ALMERÍA AEROPUERTO,992,1545,ALMERIA,137,416,287,108,1,197.5,ALMERIA
22,320,1208A,,433230N,8,053943W,27,12,GIJÓN. LA MERCED,1044,2979,ASTURIAS,166,313,212,49,-34,130.5,ASTURIAS
23,,8501,,395921N,2,000156W,25,10,CASTELLÓ DE LA PLANA,2105,3966,CASTELLON,,392,267,62,-73,164.5,CASTELLON
24,360,C649I,60030,275504N,0,152343W,21,3,GRAN CANARIA AEROPUERTO,1040,2337,LAS PALMAS,113,442,268,153,65,210.5,LAS PALMAS
25,300,C249I,60035,282641N,0,135147W,15,4,FUERTEVENTURA AEROPUERTO,765,1435,LAS PALMAS,120,430,277,156,80,216.5,LAS PALMAS
25,320,6172O,8479,364300N,,042511W,,,"MÁLAGA, PUERTO",1068,2174,MALAGA,91,407,278,119,0,198.5,MALAGA
25,320,C459Z,60012,282505N,,163253W,,,PUERTO DE LA CRUZ,1044,3442,STA. CRUZ DE TENERIFE,168,358,253,167,109,210,STA. CRUZ DE
26,310,1207U,8014,433123N,6,053716W,25,10,"GIJÓN, CAMPUS",1100,3957,ASTURIAS,108,360,204,51,-60,127.5,ASTURIAS
26,310,7002Y,8432,372502N,,013513W,,,ÁGUILAS,736,3302,MURCIA,102,396,283,108,14,195.5,MURCIA
27,270,5960,8451,364502N,0,060321W,25,8,JEREZ DE LA FRONTERA AEROPUERT,1122,6089,CADIZ,142,451,287,80,-54,183.5,CADIZ
28,300,5972X,8453,362756N,,061220W,,,SAN FERNANDO,814,2697,CADIZ,121,420,279,105,-3,192,CADIZ
28,320,1041A,8026,431808N,,021504W,,,ZUMAIA,821,3348,GIPUZKOA,137,396,237,63,-50,150,GIPUZKOA
32,290,6001,8458,360050N,1,053556W,23,11,TARIFA,1390,4779,CADIZ,166,374,261,99,-33,180,CADIZ
32,340,0002I,8169,405729N,3,005217E,16,8,VANDELLÒS,1891,5324,TARRAGONA,162,395,275,73,-40,174,TARRAGONA
32,360,C929I,60001,274908N,0,175320W,20,4,HIERRO AEROPUERTO,2800,4197,STA. CRUZ DE TENERIFE,136,342,259,161,80,210,STA. CRUZ DE
33,320,C139E,60005,283759N,0,174518W,23,3,LA PALMA AEROPUERTO,1836,3358,STA. CRUZ DE TENERIFE,162,384,260,161,94,210.5,STA. CRUZ DE
34,340,5783,8391,372500N,1,055245W,25,7,SEVILLA AEROPUERTO,1093,3611,SEVILLA,136,466,306,71,-55,188.5,SEVILLA
35,340,C449C,60020,282748N,0,161519W,24,5,STA.CRUZ DE TENERIFE,2326,2735,STA. CRUZ DE TENERIFE,162,426,278,158,81,218,STA. CRUZ DE
38,320,1159,8017,432336N,8,042332W,27,8,SAN VICENTE DE LA BARQUERA,1144,3767,CANTABRIA,144,384,221,60,-40,140.5,CANTABRIA
40,250,0255B,8188,413903N,,024149E,,,SANTA SUSANNA,1075,2340,BARCELONA,93,362,245,53,-82,149,BARCELONA
40,270,1331A,8009,433129N,,070153W,,,CASTROPOL,883,2794,ASTURIAS,112,351,205,80,-19,142.5,ASTURIAS
40,360,B691Y,8312,394457N,0,030100E,2,1,SA POBLA,852,2334,ILLES BALEARS,111,409,277,76,-14,176.5,ILLES BALEAR
41,270,5860E,8384,370553N,,064417W,,,"MOGUER, EL ARENOSILLO",1034,2936,HUELVA,100,438,254,88,-40,171,HUELVA
42,320,1082,8025,431753N,7,025423W,28,11,BILBAO AEROPUERTO,2526,6269,BIZKAIA,148,420,248,21,-86,134.5,BIZKAIA
43,360,8019,8360,381658N,1,003415W,19,11,ALICANTE-ELCHE AEROPUERTO,2350,2675,ALICANTE,167,414,287,88,-38,187.5,ALICANTE
45,330,1083L,8020,432341N,,031402W,,,CASTRO URDIALES,656,4107,CANTABRIA,107,380,211,78,-17,144.5,CANTABRIA
48,340,8500A,8286,395726N,1,000419W,20,11,CASTELLÓ - ALMASSORA,1500,3298,CASTELLON,113,406,281,74,-44,177.5,CASTELLON
50,280,1393,8006,430938N,,091239W,,,CABO VILÁN,1917,3795,A CORUÑA,152,344,196,61,-8,128.5,A CORUÑA
50,320,9981A,8238,404913N,4,002936E,23,14,ESTACIÓN DE TORTOSA (ROQUETES),2092,3820,TARRAGONA,159,430,287,54,-64,170.5,TARRAGONA
52,300,6000A,60338,351635N,2,025723W,19,6,MELILLA,1801,2930,MELILLA,138,418,284,113,4,198.5,MELILLA
52,310,1111X,8023,432928N,3,034802W,29,6,SANTANDER,856,4370,CANTABRIA,123,348,210,81,-9,145.5,CANTABRIA
52,320,1111,8023,432928N,4,034802W,28,8,SANTANDER,1262,5058,CANTABRIA,172,356,236,46,-17,141,CANTABRIA
54,310,6156X,8481,364304N,,042854W,,,"MÁLAGA, CENTRO METEOROLÓGICO",1112,2844,MALAGA,93,423,287,113,-2,200,MALAGA
55,330,C659H,60029,280523N,,152458W,,,"LAS PALMAS DE GRAN CANARIA, SA",997,1395,LAS PALMAS,116,374,259,167,37,213,LAS PALMAS
56,360,8414A,8284,392906N,3,002829W,20,11,VALENCIA AEROPUERTO,1889,3736,VALENCIA,153,434,276,78,-54,177,VALENCIA
57,360,B569X,8311,394300N,0,032841E,0,0,CAPDEPERA,888,1904,ILLES BALEARS,145,389,285,94,5,189.5,ILLES BALEAR
58,340,1387,8001,432157N,2,082517W,31,10,A CORUÑA,1327,3999,A CORUÑA,160,396,215,58,-30,136.5,A CORUÑA
60,280,1283U,8010,433409N,,062812W,,,CABO BUSTO,618,1894,ASTURIAS,198,329,201,76,-9,138.5,ASTURIAS
61,320,7178I,8430,380007N,1,011015W,20,10,MURCIA,1690,2308,MURCIA,108,457,306,75,-75,190.5,MURCIA
62,360,C129Z,60004,283545N,,175455W,,,TAZACORTE,602,1554,STA. CRUZ DE TENERIFE,98,417,258,174,96,216,STA. CRUZ DE
64,290,C429I,60025,280249N,0,163340W,14,4,TENERIFE SUR AEROPUERTO,1360,2128,STA. CRUZ DE TENERIFE,134,443,273,167,90,220,STA. CRUZ DE
64,340,1110,,432754N,11,034908W,29,9,"SANTANDER, CIUDAD",1450,4829,CANTABRIA,144,402,215,38,-38,126.5,CANTABRIA
71,320,0016A,8175,410842N,2,010949E,20,9,REUS AEROPUERTO,1606,3308,TARRAGONA,148,398,271,55,-80,163,TARRAGONA
74,360,0252D,8186,413515N,4,023224E,25,11,ARENYS DE MAR,1086,1834,BARCELONA,108,373,265,57,-45,161,BARCELONA
75,340,7228,8429,375728N,2,011343W,25,10,"ALCANTARILLA, BASE AÉREA",1797,2573,MURCIA,103,461,301,65,-60,183,MURCIA
81,330,8025,8359,382221N,4,002939W,21,10,ALACANT/ALICANTE,2702,3093,ALICANTE,120,414,282,78,-46,180,ALICANTE
87,290,5796,8397,370952N,0,053641W,25,9,MORÓN DE LA FRONTERA,1295,3849,SEVILLA,135,466,295,63,-80,179,SEVILLA
87,330,5000C,60320,355319N,0,052049W,23,6,CEUTA,1844,3748,CEUTA,93,402,274,122,13,198,CEUTA
88,350,8293X,8290,390006N,,003125W,,,XÀTIVA,1738,4194,VALENCIA,114,460,303,81,-58,192,VALENCIA
90,300,1351,8004,434710N,0,074106W,21,7,ESTACA DE BARES,1040,4307,A CORUÑA,188,327,205,75,0,140,A CORUÑA
90,310,1059X,8059,432230N,,030118W,,,PUNTA GALEA,974,3804,BIZKAIA,126,387,216,60,-27,138,BIZKAIA
90,350,5402,8410,375056N,2,045048W,24,9,CÓRDOBA AEROPUERTO,1543,3550,CORDOBA,126,469,305,72,-82,188.5,CORDOBA
91,360,B893,8314,395117N,4,041256E,25,11,"MENORCA, AEROPUERTO",1213,2589,ILLES BALEARS,144,396,289,76,-24,182.5,ILLES BALEAR
93,300,1057B,,432714N,,024510W,,,MACHICHACO,1839,4212,BIZKAIA,193,338,212,76,-20,144,BIZKAIA
95,,0370B,,415848N,3,024931E,19,11,"GIRONA, ANTIC INSTITUT",2565,4468,GIRONA,,397,263,24,-105,143.5,GIRONA
98,340,1387E,8002,431825N,3,082219W,29,8,A CORUÑA AEROPUERTO,1106,4102,A CORUÑA,135,377,214,65,-48,139.5,A CORUÑA
100,280,1473A,8039,424418N,,083738W,,,PADRÓN,961,4523,A CORUÑA,112,402,228,71,-41,149.5,A CORUÑA
100,350,1210X,8012,433921N,,055055W,,,CABO PEÑAS,1408,2785,ASTURIAS,166,297,205,77,-13,141,ASTURIAS
108,310,1484C,8044,422618N,1,083657W,30,8,PONTEVEDRA,1081,5963,PONTEVEDRA,115,395,227,79,-36,153,PONTEVEDRA
111,360,8523X,8239,403315N,,002547E,,,VINARÒS,2634,4464,CASTELLON,121,389,275,69,-44,172,CASTELLON
115,70,C439J,60018,281906N,,162256W,,,GÜÍMAR,1138,2680,STA. CRUZ DE TENERIFE,80,385,244,161,94,202.5,STA. CRUZ DE
119,270,1050J,8036,431234N,,022448W,,,ELGOIBAR,1359,4665,GIPUZKOA,111,398,231,50,-65,140.5,GIPUZKOA
120,360,B346X,8310,393118N,,030109E,,,PORRERES,1080,2142,ILLES BALEARS,99,410,283,75,-29,179,ILLES BALEAR
127,330,1212E,8011,433401N,7,060239W,28,8,ASTURIAS AEROPUERTO,1291,3969,ASTURIAS,148,360,211,66,-30,138.5,ASTURIAS
130,330,5641X,8395,373058N,,050506W,,,ÉCIJA,1291,2835,SEVILLA,104,456,292,72,-101,182,SEVILLA
143,320,1690A,8048,421931N,4,075135W,29,12,OURENSE,962,4060,OURENSE,90,426,255,43,-86,149,OURENSE
143,360,0367,8184,415442N,4,024548E,21,12,GIRONA AEROPUERTO,1771,4214,GIRONA,110,430,270,34,-130,152,GIRONA
146,360,0229I,8192,413125N,2,020611E,16,0,SABADELL AEROPUERTO,2180,2947,BARCELONA,104,450,269,23,-140,146,BARCELONA
148,,1690B,,421956N,0,075152W,24,5,"OURENSE,INSTITUTO",808,2961,OURENSE,,420,250,24,-74,137,OURENSE
157,360,0372C,8120,420616N,,024549E,,,PORQUERES,1392,2359,GIRONA,85,409,254,56,-65,155,GIRONA
183,230,1002Y,8030,430809N,,013235W,,,"BAZTAN, IRURITA",1068,4649,NAVARRA,79,388,233,40,-116,136.5,NAVARRA
185,300,9771C,8171,413734N,3,003553E,22,8,LLEIDA,836,1289,LLEIDA,126,434,283,3,-142,143,LLEIDA
185,320,4452,8330,385300N,2,064850W,24,9,BADAJOZ AEROPUERTO,1191,2697,BADAJOZ,153,454,287,55,-72,171,BADAJOZ
186,330,5995B,8457,361444N,,055754W,,,VEJER DE LA FRONTERA,1509,3774,CADIZ,156,468,274,110,0,192,CADIZ
199,320,9771,,413702N,4,003716E,19,8,"LLEIDA, OBSERVATORIO",690,1492,LLEIDA,97,428,267,25,-154,146,LLEIDA
200,320,5000A,,355344N,0,051732W,23,7,"CEUTA, MONTE HACHO",1375,4888,CEUTA,185,385,248,83,-4,165.5,CEUTA
202,290,5298X,8347,380123N,,040348W,,,ANDÚJAR,761,2590,JAEN,83,455,299,60,-75,179.5,JAEN
208,310,1078I,8035,431212N,,030617W,,,GÜEÑES,989,3465,BIZKAIA,136,410,228,37,-80,132.5,BIZKAIA
228,260,4410X,8331,385457N,,062308W,,,MÉRIDA,592,1888,BADAJOZ,104,464,289,64,-100,176.5,BADAJOZ
230,310,1400,8040,425529N,0,091729W,23,7,FISTERRA,845,8650,A CORUÑA,189,370,232,66,-15,149,A CORUÑA
240,270,1475X,8041,425234N,,083321W,,,SANTIAGO DE COMPOSTELA,1232,6407,A CORUÑA,82,387,226,69,-40,147.5,A CORUÑA
249,340,9434,8160,413938N,7,010015W,21,10,"ZARAGOZA, AEROPUERTO",973,1759,ZARAGOZA,135,445,282,15,-114,148.5,ZARAGOZA
251,340,1024E,8027,431823N,10,020228W,28,12,"DONOSTIA/SAN SEBASTIÁN, IGUELD",1677,4811,GIPUZKOA,187,390,227,4,-121,115.5,GIPUZKOA
254,340,9434P,8159,413715N,1,005606W,8,5,"ZARAGOZA, VALDESPARTERA",546,1142,ZARAGOZA,122,437,279,57,-44,168,ZARAGOZA
255,290,1495,8045,421419N,5,083726W,30,9,VIGO AEROPUERTO,1750,9256,PONTEVEDRA,140,408,229,56,-50,142.5,PONTEVEDRA
265,340,7145D,8363,381358N,,012250W,,,CIEZA,1673,2421,MURCIA,95,431,293,72,-65,182.5,MURCIA
268,340,9283X,8153,421225N,,014241W,,,CADREITA,930,1509,NAVARRA,121,391,257,25,-111,141,NAVARRA
269,300,3434X,8254,395645N,0,053457W,16,2,NAVALMORAL DE LA MATA,942,2714,CACERES,113,450,289,53,-82,171,CACERES
273,360,4358X,8333,385720N,0,055250W,14,5,DON BENITO,970,1934,BADAJOZ,99,441,288,57,-79,172.5,BADAJOZ
291,290,0149X,8174,414312N,0,015025E,11,2,MANRESA,642,1360,BARCELONA,94,424,272,36,-83,154,BARCELONA
295,350,9294E,8087,421155N,,012831W,,,"BARDENAS REALES, BASE AÉREA",1356,1813,NAVARRA,113,427,272,24,-104,148,NAVARRA
300,320,6367B,8428,372326N,,015637W,,,HUÉRCAL-OVERA,2416,3183,ALMERIA,121,440,292,82,-48,187,ALMERIA
312,330,7209,8426,373917N,3,014114W,16,8,LORCA,1280,2074,MURCIA,100,450,300,54,-60,177,MURCIA
313,310,3526X,8251,400013N,,063327W,,,CORIA,760,2355,CACERES,119,440,291,48,-58,169.5,CACERES
334,350,9573X,8164,410329N,,000830W,,,ALCAÑIZ,898,1558,TERUEL,111,423,272,32,-95,152,TERUEL
336,320,1249I,8015,432112N,7,055227W,28,12,OVIEDO,1095,3654,ASTURIAS,190,370,217,51,-60,134,ASTURIAS
336,320,1249X,8015,432112N,6,055227W,27,9,OVIEDO,774,3682,ASTURIAS,113,368,204,60,-34,132,ASTURIAS
353,320,9170,8084,422708N,8,021952W,26,12,"LOGROÑO, AEROPUERTO",826,1994,LA RIOJA,126,428,262,5,-116,133.5,LA RIOJA
357,340,9576C,8165,413121N,,001028W,,,BUJARALOZ,758,1184,ZARAGOZA,130,428,273,3,-165,138,ZARAGOZA
370,360,1428,8042,425317N,4,082438W,30,8,SANTIAGO DE COMPOSTELA AEROPUE,2180,8687,A CORUÑA,155,394,224,28,-90,126,A CORUÑA
372,300,3365A,8274,395731N,3,045149W,21,8,TALAVERA DE LA REINA,1050,3483,TOLEDO,96,442,300,30,-110,165,TOLEDO
381,320,4511C,8337,381755N,0,064554W,9,1,JEREZ DE LOS CABALLEROS,772,2226,BADAJOZ,125,454,278,68,-53,173,BADAJOZ
388,340,9720X,8173,413902N,,010858E,,,TÀRREGA,641,1347,LLEIDA,83,388,266,1,-139,133.5,LLEIDA
394,310,3469A,8261,392817N,2,062020W,25,12,CÁCERES,1285,3638,CACERES,108,432,288,56,-56,172,CACERES
400,300,1700X,8047,422517N,,080533W,,,O CARBALLIÑO,1089,5269,OURENSE,81,411,232,50,-87,141,OURENSE
408,360,0200E,,412506N,6,020727E,21,12,"BARCELONA, FABRA",1960,3658,BARCELONA,144,398,285,16,-100,150.5,BARCELONA
408,360,6106X,8413,370146N,,044454W,,,ANTEQUERA,2598,3459,MALAGA,75,444,294,59,-125,176.5,MALAGA
410,310,5612B,8399,371140N,,044612W,,,LA RODA DE ANDALUCÍA,906,2166,SEVILLA,98,451,295,61,-97,178,SEVILLA
415,350,3519X,8252,400235N,,060509W,,,PLASENCIA,728,2369,CACERES,149,435,297,49,-45,173,CACERES
420,310,1037Y,8037,430448N,,021903W,,,ZUMARRAGA,1133,4506,GIPUZKOA,107,397,206,22,-76,114,GIPUZKOA
444,280,3576X,8260,392453N,0,071352W,15,2,VALENCIA DE ALCÁNTARA,1132,2391,CACERES,119,431,279,48,-59,163.5,CACERES
445,260,1505,8008,430641N,9,072727W,29,12,LUGO AEROPUERTO,738,3532,LUGO,122,412,215,36,-100,125.5,LUGO
447,300,4244X,8264,391010N,0,050344W,7,4,HERRERA DEL DUQUE,566,2700,BADAJOZ,106,441,293,49,-101,171,BADAJOZ
450,,9262,,424904N,12,013818W,27,14,PAMPLONA,1155,3376,NAVARRA,,406,256,-17,-152,119.5,NAVARRA
459,,3469,,392833N,4,062235W,25,10,"CÁCERES, CIUDAD",1025,2388,CACERES,,443,292,46,-58,169,CACERES
459,350,9263D,8085,424637N,11,013900W,28,11,"PAMPLONA, AEROPUERTO",1074,2441,NAVARRA,130,414,254,11,-162,132.5,NAVARRA
466,310,9569A,8166,405648N,4,001416W,22,9,CALANDA,1193,2066,TERUEL,111,432,275,28,-80,151.5,TERUEL
490,260,B013X,8304,394924N,0,025309E,0,0,"ESCORCA, LLUC",2762,5615,ILLES BALEARS,148,414,255,43,-71,149,ILLES BALEAR
503,300,3463X,8263,392857N,,055115W,,,TRUJILLO,760,1731,CACERES,81,424,285,58,-68,171.5,CACERES
510,270,5270,,374635N,4,034720W,23,10,"JAÉN, INSTITUTO",1210,2943,JAEN,144,460,305,47,-80,176,JAEN
513,260,9091O,8080,425255N,13,024406W,27,12,FORONDA-TXOKIZA,930,2530,ARABA/ALAVA,128,408,232,9,-178,120.5,ARABA/ALAVA
513,260,9091R,8080,425219N,10,024358W,27,9,VITORIA GASTEIZ AEROPUERTO,648,2242,ARABA/ALAVA,115,424,224,30,-101,127,ARABA/ALAVA
515,350,3260B,8272,395305N,4,040243W,23,10,TOLEDO,896,1510,TOLEDO,138,431,304,36,-96,170,TOLEDO
521,,9087,,425059N,17,023922W,28,9,VITORIA AERÓDROMO,819,2919,ARABA/ALAVA,,398,208,-28,-210,90,ARABA/ALAVA
531,280,4220X,8271,390501N,,043719W,,,PUEBLA DE DON RODRIGO,405,1812,CIUDAD REAL,87,428,279,50,-79,164.5,CIUDAD REAL
534,310,1549,8053,423350N,7,063600W,28,13,PONFERRADA,922,3076,LEON,107,404,241,14,-104,127.5,LEON
540,300,3100B,8229,400402N,2,033246W,17,9,ARANJUEZ,545,1326,MADRID,86,426,287,34,-111,160.5,MADRID
540,360,3259,,395134N,6,040132W,24,11,"TOLEDO, LORENZANA",495,1654,TOLEDO,83,420,283,25,-144,154,TOLEDO
546,340,9898,8094,420504N,8,001932W,24,13,"HUESCA, AEROPUERTO",1108,2364,HUESCA,136,426,273,0,-132,136.5,HUESCA
550,340,5704B,8392,375535N,,054611W,,,CAZALLA DE LA SIERRA,1568,3342,SEVILLA,95,419,267,58,-56,162.5,SEVILLA
551,300,4267X,8335,382955N,,050716W,,,HINOJOSA DEL DUQUE,517,1921,CORDOBA,93,438,288,55,-99,171.5,CORDOBA
567,300,5530E,8419,371123N,4,034722W,23,7,GRANADA AEROPUERTO,682,1951,GRANADA,108,457,287,46,-142,166.5,GRANADA
572,300,9263X,8089,424634N,,013157W,,,"ARANGUREN, ILUNDAIN",604,2057,NAVARRA,88,388,228,31,-77,129.5,NAVARRA
572,350,4560Y,8380,375207N,,064030W,,,ALAJAR,928,4226,HUELVA,116,427,285,80,-21,182.5,HUELVA
575,310,7247X,8357,382359N,,010217W,,,EL PINÓS/PINOSO,1028,2204,ALICANTE,141,406,262,58,-98,160,ALICANTE
580,250,9051,8063,425512N,18,032858W,20,11,MEDINA DE POMAR,881,2150,BURGOS,152,412,235,13,-141,124,BURGOS
580,270,5181D,8352,381853N,,025323W,,,ARROYO DEL OJANCO,690,2174,JAEN,97,434,303,55,-105,179,JAEN
580,290,5270B,8417,374639N,3,034832W,23,8,JAÉN,810,3005,JAEN,137,444,306,69,-78,187.5,JAEN
582,350,9394X,8156,411952N,4,013843W,13,5,CALATAYUD,800,1578,ZARAGOZA,134,430,286,-7,-147,139.5,ZARAGOZA
605,360,7096B,8355,383231N,1,014211W,20,0,HELLÍN,938,1630,ALBACETE,115,454,293,58,-55,175.5,ALBACETE
607,360,3175,8227,402919N,5,032637W,22,11,TORREJÓN DE ARDOZ,631,1919,MADRID,111,419,288,19,-138,153.5,MADRID
609,360,3129,8221,402800N,8,033320W,22,11,MADRID AEROPUERTO,734,1920,MADRID,147,422,289,12,-152,150.5,MADRID
616,350,1735X,8050,420445N,,074401W,,,XINZO DE LIMIA,731,3453,OURENSE,98,389,223,21,-130,122,OURENSE
620,360,3200,8224,401758N,7,034320W,22,10,GETAFE,646,1841,MADRID,126,416,299,15,-120,157,MADRID
626,360,9244X,8090,422927N,,011249W,,,SOS DEL REY CATÓLICO,678,2112,ZARAGOZA,126,386,260,24,-117,142,ZARAGOZA
627,,4121C,,385916N,4,035545W,23,11,"CIUDAD REAL, INSTITUTO",574,1774,CIUDAD REAL,,442,285,25,-94,155,CIUDAD REAL
628,320,4121,8348,385921N,5,035513W,23,10,CIUDAD REAL,764,2202,CIUDAD REAL,104,437,302,12,-138,157,CIUDAD REAL
630,350,3391,8208,401719N,9,043527W,22,11,SOTILLO DE LA ADRADA,848,3775,AVILA,126,450,287,22,-100,154.5,AVILA
632,360,C447A,60015,282839N,0,161946W,25,4,TENERIFE NORTE AEROPUERTO,2603,4481,STA. CRUZ DE TENERIFE,147,414,247,102,20,174.5,STA. CRUZ DE
639,360,3168C,8226,403933N,5,031024W,22,16,"GUADALAJARA, EL SERRANILLO",711,1506,GUADALAJARA,101,435,266,24,-125,145,GUADALAJARA
640,290,7275C,8356,383606N,,010935W,,,YECLA,838,1556,MURCIA,123,412,271,51,-87,161,MURCIA
643,310,7119B,8365,380609N,,015238W,,,CARAVACA DE LA CRUZ,824,2210,MURCIA,105,435,278,59,-81,168.5,MURCIA
650,300,5427X,8412,373322N,,042114W,,,DOÑA MENCÍA,823,2747,CORDOBA,106,419,291,60,-93,175.5,CORDOBA
655,300,4386B,8336,381354N,0,060101W,7,3,LLERENA,592,1990,BADAJOZ,119,434,283,62,-54,172.5,BADAJOZ
656,290,2614,8130,413056N,6,054407W,25,10,ZAMORA,661,2126,ZAMORA,111,410,255,7,-134,131,ZAMORA
662,350,4103X,8276,391009N,0,030027W,19,4,TOMELLOSO,534,1436,CIUDAD REAL,95,439,297,48,-98,172.5,CIUDAD REAL
664,360,3194U,8220,402706N,2,034327W,22,8,"MADRID, CIUDAD UNIVERSITARIA",633,1825,MADRID,113,422,290,31,-100,160.5,MADRID
667,270,3195,8222,402443N,8,034041W,28,11,"MADRID, RETIRO",870,1984,MADRID,116,407,298,19,-101,158.5,MADRID
674,290,8178D,8279,390021N,7,015146W,21,10,ALBACETE,1160,1621,ALBACETE,113,415,292,39,-190,165.5,ALBACETE
675,340,0324A,8118,421129N,4,021146E,21,15,RIPOLL,1090,2590,GIRONA,97,406,244,6,-137,125,GIRONA
677,360,9619,8115,422117N,5,012747E,18,8,LA SEU D'URGELL,1590,2870,LLEIDA,78,440,275,-23,-160,126,LLEIDA
680,340,2946X,8195,403806N,1,063600W,16,4,SAELICES EL CHICO,783,2330,SALAMANCA,107,409,248,22,-111,135,SALAMANCA
685,,3168A,,403805N,4,031000W,22,13,"GUADALAJARA, INSTITUTO",650,1954,GUADALAJARA,,402,272,12,-110,142,GUADALAJARA
685,880,1437O,8043,424314N,4,085524W,29,7,MONTE IROITE,2074,9989,A CORUÑA,139,358,198,38,-47,118,A CORUÑA
687,290,5514,8420,370814N,6,033753W,24,9,GRANADA BASE AÉREA,693,1948,GRANADA,126,435,289,33,-134,161,GRANADA
690,310,4067,8273,392931N,5,033142W,20,13,MADRIDEJOS,622,1845,TOLEDO,125,450,295,23,-120,159,TOLEDO
690,320,3196,8223,402232N,5,034710W,24,14,"MADRID, CUATRO VIENTOS",794,1998,MADRID,124,408,294,15,-114,154.5,MADRID
692,320,4061X,8275,393550N,,030254W,,,QUINTANAR DE LA ORDEN,313,974,TOLEDO,96,394,268,49,-74,158.5,TOLEDO
700,300,4147X,8351,384502N,1,032329W,9,4,VALDEPEÑAS,590,2176,CIUDAD REAL,87,428,283,41,-77,162,CIUDAD REAL
702,340,8175,8280,385715N,6,015123W,27,9,ALBACETE BASE AÉREA,1466,2266,ALBACETE,157,426,285,-1,-240,142,ALBACETE
715,270,2755X,8056,420039N,2,054000W,12,6,BENAVENTE,614,2141,ZAMORA,100,394,244,11,-112,127.5,ZAMORA
720,260,9019B,8033,424823N,2,035602W,17,0,"VALDERREDIBLE, POLIENTES",513,1597,CANTABRIA,96,418,223,7,-171,115,CANTABRIA
721,260,3168D,8226,403749N,4,030900W,21,8,GUADALAJARA,440,1238,GUADALAJARA,91,408,285,47,-81,166,GUADALAJARA
728,340,4090Y,8256,392500N,,022514W,,,SAN CLEMENTE,590,1014,CUENCA,120,411,263,32,-96,147.5,CUENCA
735,360,2422,8141,413827N,9,044516W,26,11,VALLADOLID,563,1667,VALLADOLID,128,402,251,13,-115,132,VALLADOLID
740,260,2503X,8142,411933N,,044113W,,,OLMEDO,434,1534,VALLADOLID,89,413,250,8,-151,129,VALLADOLID
750,330,5390Y,8346,381959N,1,043632W,9,2,VILLANUEVA DE CÓRDOBA,690,2332,CORDOBA,113,435,291,33,-122,162,CORDOBA
750,360,2401,,420018N,5,043145W,19,11,"PALENCIA, OBSERVATORIO",462,1731,PALENCIA,78,400,246,-6,-148,120,PALENCIA
758,360,8309X,8281,393432N,0,011441W,6,3,UTIEL,736,1492,VALENCIA,117,423,265,24,-174,144.5,VALENCIA
760,290,5582A,8414,370940N,,040910W,,,LOJA,666,2473,GRANADA,87,444,296,62,-56,179,GRANADA
763,350,3338,8212,402540N,,041500W,,,ROBLEDO DE CHAVELA,708,2630,MADRID,96,425,267,37,-110,152,MADRID
766,290,6032B,8443,364459N,,051006W,,,RONDA,515,1977,MALAGA,89,429,277,72,-80,174.5,MALAGA
769,300,2916A,8129,410041N,0,062616W,18,3,VITIGUDINO,506,1893,SALAMANCA,105,407,242,17,-100,129.5,SALAMANCA
770,340,5246,8350,382040N,4,033207W,24,6,SANTA ELENA,862,3698,JAEN,103,430,307,55,-87,181,JAEN
775,290,2870,8201,405727N,6,053944W,22,9,SALAMANCA,482,1561,SALAMANCA,141,398,252,-7,-134,122.5,SALAMANCA
779,260,9390,8157,410652N,12,012436W,23,17,DAROCA,952,1730,ZARAGOZA,108,410,265,-16,-224,124.5,ZARAGOZA
782,260,5038X,8353,375457N,,030014W,,,CAZORLA,754,2427,JAEN,95,450,314,58,-61,186,JAEN
785,360,5047E,8424,373021N,0,024406W,3,5,BAZA,430,1172,GRANADA,125,437,287,44,-139,165.5,GRANADA
790,270,2867,8202,405734N,8,052954W,26,12,SALAMANCA AEROPUERTO,590,1890,SALAMANCA,137,410,239,-2,-200,118.5,SALAMANCA
790,320,2117D,8144,413957N,1,034434W,16,5,ARANDA DE DUERO,511,1388,BURGOS,104,401,242,6,-155,124,BURGOS
804,880,4148,8345,383105N,4,033400W,18,7,VISO DEL MARQUÉS,811,2290,CIUDAD REAL,107,410,287,37,-79,162,CIUDAD REAL
807,360,9698U,8112,421219N,1,005155E,12,5,TALARN,622,1540,LLEIDA,123,397,259,19,-95,139,LLEIDA
808,320,3094B,8277,400041N,1,030117W,16,4,TARANCÓN,300,1128,CUENCA,121,416,295,46,-91,170.5,CUENCA
820,270,9111,8077,422516N,,031013W,,,BELORADO,617,2923,BURGOS,111,377,217,-5,-135,106,BURGOS
823,340,9201K,8091,423444N,,003249W,,,JACA,638,2061,HUESCA,137,387,239,8,-132,123.5,HUESCA
830,330,2374X,8068,422103N,0,043702W,8,9,CARRIÓN DE LOS CONDES,510,1392,PALENCIA,102,382,221,6,-174,113.5,PALENCIA
840,280,1631E,8051,422022N,0,071657W,27,0,A POBRA DE TRIVES,909,3450,OURENSE,107,367,211,18,-92,114.5,OURENSE
846,260,2539,8140,414243N,11,045120W,24,10,VALLADOLID AEROPUERTO,908,1907,VALLADOLID,133,394,235,-18,-188,108.5,VALLADOLID
850,240,2775X,8125,415629N,4,061647W,12,2,VILLARDECIERVOS,816,3538,ZAMORA,103,387,218,-2,-138,108,ZAMORA
862,250,5192,8354,382921N,6,023815W,23,5,VILLARRODRIGO,860,3850,JAEN,117,420,301,42,-77,171.5,JAEN
869,340,6302A,8427,370829N,,024648W,,,ABLA,730,1197,ALMERIA,123,411,287,62,-88,174.5,ALMERIA
870,250,9001D,8032,425931N,,040938W,,,REINOSA,1318,3094,CANTABRIA,142,367,187,7,-181,97,CANTABRIA
874,280,2400E,8072,415944N,,043610W,,,AUTILLA DEL PINO,627,1602,PALENCIA,130,400,236,5,-123,120.5,PALENCIA
880,310,8177A,8278,385609N,,013936W,,,CHINCHILLA,687,1531,ALBACETE,114,396,269,37,-100,153,ALBACETE
890,360,9381I,8233,405534N,12,011736W,24,15,CALAMOCHA,692,1262,TERUEL,133,395,253,-11,-200,121,TERUEL
891,270,2331,8075,422125N,17,033713W,26,11,BURGOS AEROPUERTO,524,1940,BURGOS,124,388,234,-33,-220,100.5,BURGOS
900,350,8368U,8235,402102N,9,010727W,22,14,TERUEL,824,1448,TERUEL,122,402,258,-6,-190,126,TERUEL
912,270,2661,8055,423518N,16,053904W,27,12,"LEÓN, VIRGEN DEL CAMINO",985,2533,LEON,130,382,220,-7,-174,106.5,LEON
912,350,2661B,8055,423558N,8,053837W,18,7,LEÓN AEROPUERTO,445,1069,LEON,93,362,210,17,-130,113.5,LEON
913,310,5911A,8455,364538N,,052227W,,,GRAZALEMA,2957,11152,CADIZ,106,403,251,38,-78,144.5,CADIZ
917,880,3298X,8270,393249N,,042102W,,,SAN PABLO DE LOS MONTES,1253,3406,TOLEDO,110,400,285,38,-83,161.5,TOLEDO
928,290,3044X,8230,403149N,,020900W,,,CAÑIZARES,686,2278,CUENCA,52,403,254,12,-118,133,CUENCA
932,,9381,,405154N,11,011818W,20,15,"CALAMOCHA, AERÓDROMO",800,1580,TERUEL,,400,240,-22,-300,109,TERUEL
948,320,8096,8231,400402N,10,020755W,23,14,CUENCA,982,1821,CUENCA,113,397,277,-8,-178,134.5,CUENCA
990,,2465A,,405648N,10,040657W,23,8,"SEGOVIA, INSTITUTO",630,1711,SEGOVIA,,397,245,-29,-170,108,SEGOVIA
992,360,9784P,8103,423748N,8,001329E,13,7,BIELSA,1452,3280,HUESCA,104,384,229,5,-125,117,HUESCA
1004,360,3191E,8219,404146N,11,034554W,24,13,COLMENAR VIEJO,868,2661,MADRID,117,400,271,23,-100,147,MADRID
1005,260,3130C,8150,410511N,5,023705W,21,7,SIGÜENZA,592,1724,GUADALAJARA,127,391,234,2,-165,118,GUADALAJARA
1005,310,2465,8213,405643N,15,040735W,24,11,SEGOVIA,408,1696,SEGOVIA,126,386,251,14,-132,132.5,SEGOVIA
1020,260,9814A,8101,423736N,,000642W,,,TORLA,788,3028,HUESCA,102,345,225,14,-88,119.5,HUESCA
1020,880,2737E,8123,422239N,,061148W,,,LAGUNAS DE SOMOZA,822,1896,LEON,114,354,210,7,-123,108.5,LEON
1030,330,3110C,8146,410025N,,033649W,,,BUITRAGO DEL LOZOYA,652,1812,MADRID,98,378,234,16,-136,125,MADRID
1030,360,B248,8303,394406N,7,024247E,21,7,"SIERRA DE ALFABIA, BUNYOLA",1611,5669,ILLES BALEARS,196,349,238,11,-79,124.5,ILLES BALEAR
1040,360,9208E,8095,424232N,5,004023W,14,9,ARAGÜÉS DEL PUERTO,1108,3252,HUESCA,125,365,234,14,-114,124,HUESCA
1062,290,3013,8232,405030N,18,015244W,24,15,MOLINA DE ARAGÓN,700,1768,GUADALAJARA,104,380,239,-31,-282,104,GUADALAJARA
1080,350,2298,8149,415735N,17,030754W,21,15,PALACIOS DE LA SIERRA,825,2758,BURGOS,104,371,212,11,-146,111.5,BURGOS
1082,320,2030,8148,414630N,18,022859W,26,16,SORIA,700,2343,SORIA,122,380,232,-25,-150,103.5,SORIA
1092,320,5051X,8423,375140N,,023910W,,,HUÉSCAR,502,2094,GRANADA,122,419,278,39,-145,158.5,GRANADA
1130,360,2444,8210,403933N,12,044048W,23,7,ÁVILA,888,2315,AVILA,107,376,244,-1,-160,121.5,AVILA
1131,340,8489X,8241,402600N,1,001521W,1,0,VILLAFRANCA DEL CID/VILLAFRANC,1018,3088,CASTELLON,147,358,231,23,-101,127,CASTELLON
1140,250,2235U,8058,425214N,10,043112W,24,9,CERVERA DE PISUERGA,978,2950,PALENCIA,127,370,200,0,-125,100,PALENCIA
1143,360,2444C,,403924N,11,044201W,20,11,"ÁVILA, AYUNTAMIENTO",654,1277,AVILA,92,365,226,0,-150,113,AVILA
1161,340,9990X,8107,424201N,,005237E,,,"NAUT ARAN, ARTIES",876,2026,LLEIDA,82,384,214,-33,-186,90.5,LLEIDA
1220,360,9563X,8237,402955N,,001112W,,,CASTELLFORT,2261,4642,CASTELLON,154,351,232,12,-111,122,CASTELLON
1450,880,3111D,8145,410808N,,033449W,,,SOMOSIERRA,878,4794,MADRID,100,336,222,-4,-115,109,MADRID
1480,200,1221D,8031,425843N,,054635W,,,PAJARES-VALGRANDE,951,4136,ASTURIAS,127,298,187,-20,-111,83.5,ASTURIAS
1510,330,2630X,8057,430344N,17,052237W,9,2,PUERTO DE SAN ISIDRO,1246,4494,LEON,162,317,165,-29,-193,68,LEON
1525,270,2811A,8206,402102N,,050835W,,,NAVARREDONDA DE GREDOS,928,2755,AVILA,130,353,209,-18,-181,95.5,AVILA
1530,350,1542,8052,425939N,25,062451W,19,6,PUERTO DE LEITARIEGOS,1194,4874,ASTURIAS,146,304,172,-25,-184,73.5,ASTURIAS
1532,320,3266A,8217,404223N,,040831W,,,PUERTO ALTO DEL LEÓN,1862,3652,MADRID,158,329,225,-21,-148,102,MADRID
1703,360,9585,8117,421957N,20,015622E,21,24,LA MOLINA,1584,4110,GIRONA,130,314,192,-80,-214,56,GIRONA
1798,300,2150H,8143,411131N,21,032831W,22,9,"LA PINILLA, ESTACIÓN DE ESQUÍ",1954,5412,SEGOVIA,198,360,211,-53,-187,79,SEGOVIA
1894,290,2462,8215,404735N,26,040038W,25,16,PUERTO DE NAVACERRADA,1500,5590,MADRID,152,320,206,-77,-203,64.5,MADRID
1960,250,2491C,8205,402118N,,054124W,,,"LA COVATILLA, ESTACIÓN DE ESQU",1762,4970,SALAMANCA,161,296,185,-30,-145,77.5,SALAMANCA
2371,880,C430E,60010,281832N,15,162958W,17,8,IZAÑA,3600,9574,STA. CRUZ DE TENERIFE,248,304,205,-10,-98,97.5,STA. CRUZ DE
